{
  "lora_r": 16,
  "lora_alpha": 32,
  "trainable_params": 598283,
  "total_params": 109867030,
  "trainable_pct": 0.5446,
  "subtoken_split_ratio": 0.1755,
  "eval_precision": 0.8712871287128713,
  "eval_recall": 0.9166666666666666,
  "eval_f1": 0.8934010152284264
}