{
  "r8": {
    "test_precision": 0.7644230769230769,
    "test_recall": 0.8457446808510638,
    "test_f1": 0.8030303030303029,
    "per_entity": {
      "INSTR": {
        "precision": 0.4520547945205479,
        "recall": 0.6111111111111112,
        "f1": 0.5196850393700787
      },
      "MONTO": {
        "precision": 0.9375,
        "recall": 0.9375,
        "f1": 0.9375
      },
      "PLAZO": {
        "precision": 1.0,
        "recall": 1.0,
        "f1": 1.0
      },
      "TASA": {
        "precision": 1.0,
        "recall": 1.0,
        "f1": 1.0
      },
      "ENTIDAD": {
        "precision": 0.8333333333333334,
        "recall": 0.851063829787234,
        "f1": 0.8421052631578947
      }
    }
  },
  "r16": {
    "test_precision": 0.8622448979591837,
    "test_recall": 0.898936170212766,
    "test_f1": 0.8802083333333335,
    "per_entity": {
      "INSTR": {
        "precision": 0.8214285714285714,
        "recall": 0.8518518518518519,
        "f1": 0.8363636363636364
      },
      "MONTO": {
        "precision": 1.0,
        "recall": 1.0,
        "f1": 1.0
      },
      "PLAZO": {
        "precision": 0.9512195121951219,
        "recall": 1.0,
        "f1": 0.975
      },
      "TASA": {
        "precision": 1.0,
        "recall": 1.0,
        "f1": 1.0
      },
      "ENTIDAD": {
        "precision": 0.7058823529411765,
        "recall": 0.7659574468085106,
        "f1": 0.7346938775510204
      }
    }
  },
  "r32": {
    "test_precision": 0.8235294117647058,
    "test_recall": 0.8936170212765957,
    "test_f1": 0.8571428571428571,
    "per_entity": {
      "INSTR": {
        "precision": 0.7377049180327869,
        "recall": 0.8333333333333334,
        "f1": 0.782608695652174
      },
      "MONTO": {
        "precision": 1.0,
        "recall": 1.0,
        "f1": 1.0
      },
      "PLAZO": {
        "precision": 1.0,
        "recall": 1.0,
        "f1": 1.0
      },
      "TASA": {
        "precision": 1.0,
        "recall": 1.0,
        "f1": 1.0
      },
      "ENTIDAD": {
        "precision": 0.6428571428571429,
        "recall": 0.7659574468085106,
        "f1": 0.6990291262135921
      }
    }
  }
}